adim,kayip
50,0.553719
100,0.132723
150,0.0512
200,0.036411
250,0.029282
300,0.02665
350,0.026012
400,0.02497
450,0.019172
500,0.018898
550,0.02004
600,0.018279
650,0.01598
700,0.017156
750,0.015725
800,0.014537
850,0.014332
900,0.013275
950,0.013272
1000,0.012777
1050,0.011874
1100,0.011988
1150,0.012134
1200,0.011959
1250,0.011488
1300,0.011103
1350,0.010543
1400,0.009706
1450,0.01012
1500,0.010047
1550,0.009798
1600,0.009743
1650,0.00939
1700,0.009656
1750,0.008946
1800,0.00897
1850,0.009106
1900,0.008826
1950,0.008731
2000,0.008972
2050,0.00833
2100,0.008402
2150,0.008559
2200,0.00826
2250,0.008646
2300,0.008195
2350,0.008126
2400,0.008701
2450,0.0079
2500,0.008397
